,Title,Brand,Rating_out_five,Rating,Price,Discount
0,Puma Unisex Palermo LTH Sneaker,Puma Sports India,46 ratings, 4.4 ,"6,999",0
1,Puma Unisex Smashic Sneaker,Puma Sports India,"1,614 ratings", 3.9 ,"2,019",-55%
2,Puma Unisex Pacer Marco Sneaker,Viraj Ent,3 ratings, 3.5 ,"2,699",-40%
3,Puma Unisex Smashic Sneaker,Puma Sports India,"1,614 ratings", 3.9 ,"2,019",-55%
4,Puma Men's Court Shatter Low Sneaker,Puma Sports India,232 ratings, 4.1 ,"2,699",-55%
5,Puma Mens Dazzler Sneaker,Cocoblu Retail,"6,662 ratings", 3.9 ,"1,584",-60%
6,Puma Men's Shuffle One8 V3 Better Sneaker,Sooperbuy Pvt Ltd,82 ratings, 3.7 ,"2,999",-54%
7,Puma Unisex Ferrari Drift Cat 8 Sneaker,Puma Sports India,"1,175 ratings", 4.0 ,"3,599",-55%
8,Puma Unisex MAPF1 Drift Cat Decima 2.0 Sneaker,Puma Sports India,11 ratings, 3.8 ,"2,639",-67%
9,Puma Unisex-Adult 1948 Mid L White-Black Sneaker - 3 UK (35916902),Puma Sports India,1 rating, 5.0 ,"1,999",-50%
10,Puma Unisex MAPF1 Neo Cat 2.0 Sneaker,Puma Sports India,95 ratings, 4.2 ,"2,099",-70%
11,Puma Mens Suede Classic Xxi Sneaker,Puma Sports India,498 ratings, 3.8 ,"3,359",-52%
12,Puma Unisex Road Rider SD Sneaker,Cocoblu Retail,22 ratings, 3.5 ,"4,000",-50%
13,Puma Unisex 9-T Sneaker,Cocoblu Retail,8 ratings, 4.5 ,"2,760",-54%
14,Puma Unisex R78 Res Sneaker,Puma Sports India,3 ratings, 4.6 ,"2,999",-50%
15,Puma Unisex-Adult Caven 2.0 VTG Sneaker,Cocoblu Retail,71 ratings, 4.2 ,"4,079",-49%
16,Puma Unisex CA Pro NBK Sneaker,Cocoblu Retail,3 ratings, 5.0 ,"5,099",-49%
17,Puma Unisex Hypnotic Sneaker,Puma Sports India,63 ratings, 4.2 ,"2,939",-58%
18,Puma mens Snatch V2 Sneaker,Cocoblu Retail,"3,256 ratings", 4.0 ,"1,659",-61%
19,Puma Unisex Palermo LTH Sneaker,Puma Sports India,46 ratings, 4.4 ,"6,999",0
20,ASIAN Men's TARZAN-11 Casual Sneaker Shoes with Synthetic Upper Lightweight Comfortable Mid Top Sneaker Shoes for Men's & Boy's,Asian Shoes,"2,448 ratings", 3.8 ,799,-47%
21,Cruiser Mens Atlas Casual Shoes|Trainers Comfortable Trendy Shoes|Classic Sneakers,Cocoblu Retail,78 ratings, 3.6 ,"1,079",-57%
22,Bacca Bucci Men's Running Shoe,Bacca bucci Shoes,"2,813 ratings", 3.8 ,"1,399",-44%
23,Hygear Mens Nyx Sneaker,Cocoblu Retail,7 ratings, 4.0 ,"1,159",-61%
24,Puma Men's Dexfly V1 Sneaker,Sooperbuy Pvt Ltd,128 ratings, 3.8 ,"1,999",-50%
25,Puma Unisex Park Lifestyle Sneaker,Cocoblu Retail,30 ratings, 4.2 ,"5,554",-21%
26,Puma Men's Trinity Sneaker,Sooperbuy Pvt Ltd,826 ratings, 4.0 ,"4,799",-40%
27,Puma Men's Court Shatter Low Sneaker,Puma Sports India,232 ratings, 4.1 ,"2,699",-55%
28,Bacca Bucci Balancer Men's Fashion Sneakers Lace-Up Trainers Basketball Style Walking Shoes,Bacca bucci Shoes,"1,120 ratings", 4.1 ,"1,499",-57%
29,Puma Mens Future Rider Play on Sneaker,Puma Sports India,151 ratings, 4.2 ,"5,399",-40%
30,Puma Unisex-Adult Up Sneaker,Cocoblu Retail,504 ratings, 4.1 ,"2,459",-39%
31,Puma Unisex Ferrari Drift Cat 8 Sneaker,Cocoblu Retail,"1,175 ratings", 4.0 ,"3,286",-59%
32,Puma Unisex-Adult Unisex Mapf1 Neo Cat Mid 2.0 Sneaker,Puma Sports India,21 ratings, 3.9 ,"2,399",-70%
33,Puma Unisex Ferrari R-Cat Machina Sneaker,Cocoblu Retail,99 ratings, 4.0 ,"2,999",-63%
34,Puma Unisex Graviton Pro Sneaker,Cocoblu Retail,460 ratings, 4.2 ,"2,939",-58%
35,Puma Unisex-Adult Electron E Res Sneaker,Puma Sports India,16 ratings, 3.9 ,"2,499",-50%
36,Puma Men's Shuffle Mid one8 Better V2 Sneaker,Puma Sports India,58 ratings, 3.9 ,"2,099",-70%
37,Puma Unisex Caven 2.0 Sneaker,Cocoblu Retail,"1,724 ratings", 4.3 ,"3,539",-41%
38,Puma Unisex-Adult Up Sneaker,NaN,504 ratings,5.0,"2,619.",0
39,Puma Unisex BMW MMS Caven 2.0 Sneaker,Sooperbuy Pvt Ltd,74 ratings, 4.5 ,"4,899",-30%
40,Puma Unisex SF Drift Cat 5 Ultra II Sneaker,Puma Sports India,"1,280 ratings", 3.9 ,"3,149",-55%
41,Puma Men's Melanite Sneaker,Puma Sports India,599 ratings, 4.1 ,"2,019",-55%
42,Puma Unisex Slipstream LTH Sneaker,Sooperbuy Pvt Ltd,35 ratings, 4.1 ,"5,399",-40%
43,Puma Unisex-Adult Ca Pro Classic Sneaker,Cocoblu Retail,5 ratings, 3.9 ,"3,840",-52%
44,Puma Unisex-Adult Suede Play.Paris. Sneaker,Cocoblu Retail,NaN,,"5,599",-30%
45,"Puma Unisex-Adult Graviton Alpine Snow-Oak Branch-Sand Dune Sneaker - 8 UK (38073861),Brown",NaN,3 ratings, 5.0 ,"1,187.",0
46,Puma Mens Shuffle Hydra Sneaker,Cocoblu Retail,NaN,,"3,519",-36%
47,Puma Men's Shuffle Zenfit Sneaker,Cocoblu Retail,17 ratings, 3.2 ,"3,009",-45%
48,Puma Unisex Smash v2 L Sneaker,Cocoblu Retail,28 ratings, 3.4 ,"2,500",-50%
49,Puma unisex-adult Smash v2 L Jr Closed shoe Puma Black-Puma Black 4 UK,Cocoblu Retail,263 ratings, 4.0 ,"1,464",-51%
50,Puma Unisex BMW MMS Neo Cat 2.0 Sneaker,Puma Sports India,46 ratings, 4.0 ,"2,799",-60%
51,Puma Unisex-Adult 365215 Sneaker,Cocoblu Retail,"7,999 ratings", 3.9 ,"2,629",-47%
52,Puma Unisex RBD Game Low Sneaker,Harkishanji,712 ratings, 4.4 ,"3,429",-51%
53,Puma Unisex MAPF1 ZenonSpeed Sneaker,Cocoblu Retail,38 ratings, 3.8 ,"4,100",-59%
54,Puma Unisex Park Lifestyle Street Sneaker,Cocoblu Retail,6 ratings, 4.0 ,"4,289",-34%
55,Puma Unisex-Adult R22 Sneaker,Cocoblu Retail,38 ratings, 4.2 ,"2,730",-61%
56,Puma Men's Kardio Sneaker,Cocoblu Retail,43 ratings, 4.2 ,"2,469",-45%
57,Puma Unisex-Adult Road Rider Pace Setter Sneaker,Cocoblu Retail,3 ratings, 4.6 ,"3,599",-40%
58,Puma Unisex-Adult X-ray Speed Sneaker,Cocoblu Retail,161 ratings, 4.1 ,"2,799",-60%
59,Puma Unisex Smash v2 Sneaker,Cocoblu Retail,"3,521 ratings", 4.1 ,"3,789",-31%
60,LUDIC Eclipse Vegan Suede Sneakers for Men Work and Play Business Casual Shoes,GOOD CHAOS LIFESTYLE PRIVATE LIMITED,9 ratings, 4.6 ,"1,599",-60%
61,Hygear Mens Calypso Sneaker,Cocoblu Retail,17 ratings, 3.6 ,"1,149",-62%
62,"PERF Men’s Black Sneakers - Stylish & Trendy Casual Shoes, PU Upper, TPR Sole, Super Comfortable Cushion Insole, Lightweight Walking Shoes",PERFITALIA,NaN,,"1,420",-25%
63,ATHCO Mens Wind Memory Foam Comfort Casual Sneaker Shoes|Laceup|Slip Resistant|Lightweight|Dailyuse|ExtraSoft,Cocoblu Retail,68 ratings, 4.5 ,599,-65%
64,YOHO Kite Men’s Stylish Versatile Breathable Slip-On Sneakers (SoS),Cocoblu Retail,100 ratings, 3.0 ,999,-60%
65,Hygear Mens Nyx Sneaker,Cocoblu Retail,7 ratings, 4.0 ,"1,159",-61%
66,Hygear Mens Isthmus Sneaker,Cocoblu Retail,35 ratings, 3.9 ,"1,289",-60%
67,Cruiser Mens Atlas Casual Shoes|Trainers Comfortable Trendy Shoes|Classic Sneakers,Cocoblu Retail,78 ratings, 3.6 ,"1,079",-57%
68,OFF LIMITS Men's Oxford Casual Sneakers,GLC-OL,4 ratings, 2.5 ,"1,499",-61%
69,Puma Mens Future Rider Play on Sneaker,Puma Sports India,151 ratings, 4.2 ,"5,399",-40%
70,Puma Unisex CA Pro Lux III Sneaker,Puma Sports India,4 ratings, 3.6 ,"5,999",-40%
71,Puma Unisex-Adult R78 Sneaker,Puma Sports India,62 ratings, 4.3 ,"2,699",-55%
72,Puma Unisex-Adult Ferrari Tune Cat Sneaker,Puma Sports India,6 ratings, 5.0 ,"3,439",-57%
73,Puma Unisex-Adult Cliff Sneaker,Puma Sports India,411 ratings, 4.1 ,"1,569",-55%
74,Puma Unisex-Adult Mapf1 Rs-x T Sneaker,Puma Sports India,1 rating, 4.0 ,"3,599",-70%
75,Puma Unisex Anzarun 2.0 Sneaker,Puma Sports India,23 ratings, 3.4 ,"3,009",-57%
76,Puma Unisex Anzarun Lite Walking Shoe,Sooperbuy Pvt Ltd,242 ratings, 4.3 ,"1,999",-50%
77,Puma Mens Snatch V2 Sneaker,Cocoblu Retail,NaN,,"1,654",-62%
78,Puma Men's Fire V2 Sneaker,Puma Sports India,34 ratings, 4.0 ,"1,809",-58%
79,Puma Unisex BMW MMS CA Pro Sneaker,Cocoblu Retail,2 ratings, 3.0 ,"4,859",-46%
80,Puma Unisex-Adult Future Rider Displaced Sneaker,Cocoblu Retail,54 ratings, 3.9 ,"3,600",-55%
81,Puma Unisex-Adult Hypnotic Ls Sneaker,Cocoblu Retail,81 ratings, 4.2 ,"3,080",-56%
82,Puma Unisex-Adult Shuffle Sneaker,Sooperbuy Pvt Ltd,"2,249 ratings", 4.3 ,"2,999",-40%
83,Puma Unisex-Adult Unisex BMW MMS Drift Cat Delta Sneaker,Puma Sports India,356 ratings, 3.9 ,"3,199",-60%
84,Puma Unisex Caven 2.0 Mid Sneaker,Cocoblu Retail,283 ratings, 4.5 ,"3,290",-53%
85,Cruiser Mens Blaze Casual Shoes Trainers Comfortable Trendy Shoes|Classic Sneakers,Cocoblu Retail,172 ratings, 3.6 ,899,-64%
86,ATHCO Mens Wind Memory Foam Comfort Casual Sneaker Shoes|Laceup|Slip Resistant|Lightweight|Dailyuse|ExtraSoft,Cocoblu Retail,68 ratings, 4.5 ,599,-65%
87,Hygear Mens Calypso Sneaker,Cocoblu Retail,17 ratings, 3.6 ,"1,149",-62%
88,Hygear Mens Nicholus Sneaker,Cocoblu Retail,2 ratings, 5.0 ,"1,349",-61%
89,Puma Unisex Seoul Sneaker,Cocoblu Retail,NaN,,"3,599",-55%
90,Puma Unisex Rickie Classic Sneaker,Cocoblu Retail,84 ratings, 4.5 ,"2,220",-63%
91,Puma Men's Radcliff Sneaker,Sport Collection1983,556 ratings, 3.8 ,"2,389",-47%
92,Puma Unisex-Adult Pl Caven 2.0 Turbo Sneaker,Cocoblu Retail,4 ratings, 4.5 ,"3,569",-49%
93,Puma Unisex CA Pro Crush Earth Sneaker,Cocoblu Retail,8 ratings, 4.3 ,"5,789",-47%
94,Puma Unisex-Adult Palermo Hairy Sneaker,Puma Sports India,1 rating, 5.0 ,"7,999",0
95,Puma Unisex-Adult Club 5v5 Sneaker,Cocoblu Retail,71 ratings, 4.2 ,"3,010",-57%
96,Puma Men's Momento Sneaker,Cocoblu Retail,3 ratings, 4.6 ,"3,522",-30%
97,Puma Unisex CA Pro OW Sneaker,Cocoblu Retail,3 ratings, 2.9 ,"5,424",-40%
98,Puma Unisex X-Ray 3 SD Sneaker,Cocoblu Retail,10 ratings, 4.0 ,"3,999",-50%
99,Puma Unisex rs-x Hi Sneaker,Puma Sports India,5 ratings, 3.1 ,"11,999",0
100,Puma Unisex BMW MS Drift Cat 5 Ultra Sneaker,Puma Sports India,270 ratings, 4.1 ,"4,899",-30%
101,Puma Unisex Smash V2 Buck Sneaker,Cocoblu Retail,58 ratings, 3.2 ,"2,250",-50%
102,Puma Unisex-Adult Club Ii Era Sneaker,Cocoblu Retail,161 ratings, 4.4 ,"3,024",-45%
103,U.S. POLO ASSN. Mens Stefan Sneaker,Cocoblu Retail,378 ratings, 4.3 ,"2,319",-42%
104,Puma Unisex-Adult Pacer + Sneaker,Puma Sports India,6 ratings, 3.0 ,"3,149",-55%
105,Puma Unisex-Adult Serve Pro Lite White-Malachite-Gold Sneaker - 6 UK (37490229),Cocoblu Retail,1 rating, 4.0 ,"2,474",-45%
106,Puma Unisex Club II SL Sneaker,Puma Sports India,15 ratings, 4.1 ,"2,309",-58%
107,Puma Unisex Court Classic Sneaker,NaN,90 ratings,4.4,"3,419.",0
108,Puma Men's Shuffle One8 V4 Better Sneaker,Cocoblu Retail,5 ratings, 3.2 ,"3,134",-43%
109,Puma Men's Knit V3 Walking Shoe,Puma Sports India,230 ratings, 3.9 ,"1,679",-52%
110,Puma Men's X-ray Prism Sneaker,Arisers enterprises,NaN,,"4,999",-17%
111,Puma Unisex-Adult Ca Pro Classic Podium Sneaker,Cocoblu Retail,4 ratings, 5.0 ,"5,199",-48%
112,Puma Unisex Roma 24 Standard Sneaker,Cocoblu Retail,NaN,,"3,120",-61%
113,Puma Men's Forza Sneaker,Sooperbuy Pvt Ltd,NaN,,"2,699",-40%
114,Puma Unisex Graviton Tera Sneaker,Cocoblu Retail,41 ratings, 4.2 ,"6,999",0
115,Puma Unisex Smash 3.0 Sneaker,Sooperbuy Pvt Ltd,72 ratings, 4.5 ,"2,471",-55%
116,Puma Unisex Rebound Future NextGen Sneaker,Cocoblu Retail,54 ratings, 4.2 ,"3,920",-51%
117,Puma Unisex-Adult Ca Pro Classic Sneaker,Cocoblu Retail,12 ratings, 3.6 ,"4,399",-45%
118,Puma Unisex-Adult Unisex Bmw Mms Neo Cat Mid 2.0 Sneaker,Cocoblu Retail,34 ratings, 4.0 ,"3,439",-57%
119,Puma Unisex Rickie Sneaker,Cocoblu Retail,655 ratings, 4.1 ,"2,474",-55%
120,Puma Men's Shuffle Mid One8 Better V3 Sneaker,Jagdamba Sales.,9 ratings, 3.6 ,"4,139",-31%
121,Cruiser Mens Aurelius Sneaker | Casual Shoes | Cushioned Insole | Lace-Up Design | Arch Support & Ventilated Comfort | Perfect Pair with Casual Outfit,Cocoblu Retail,166 ratings, 3.5 ,"1,079",-57%
122,Cruiser Mens Augustus Sneaker | Casual Shoes | Cushioned Insole | Lace-Up Design | Arch Support & Ventilated Comfort | Perfect Pair with Casual Outfit,Cocoblu Retail,501 ratings, 3.9 ,"1,019",-59%
123,Hygear Mens Petra Sneaker,Cocoblu Retail,5 ratings, 5.0 ,899,-70%
124,Mochi Men's Faux Leather Stylish Casual Active Athleisure Sneaker,Cocoblu Retail,16 ratings, 2.4 ,"1,614",-40%
125,Bacca Bucci Happy HIGH Low Top Streetwear Sneakers Casual Shoes for Men | Athletic-Inspired Flat Shoes for Men,Bacca bucci Shoes,32 ratings, 3.6 ,"1,699",-51%
126,Bacca Bucci Mens Stride Eclipse: Low-Top Flat-Sole Sneakers With Signature Thick Round Laces And Luxe Leather Finish,Bacca bucci Shoes,23 ratings, 3.7 ,"1,599",-47%
127,ASIAN Men's TARZAN-11 Casual Sneaker Shoes with Synthetic Upper Lightweight Comfortable Mid Top Sneaker Shoes for Men's & Boy's,Asian Shoes,"2,448 ratings", 3.8 ,799,-47%
128,Hygear Mens George Sneaker,Cocoblu Retail,7 ratings, 5.0 ,"1,079",-64%
129,Puma Unisex-Adult R78 Year of Sports Res Sneaker,Cocoblu Retail,7 ratings, 4.6 ,"3,704",-43%
130,Puma Unisex Cliff Sneaker,Puma Sports India,378 ratings, 3.9 ,"1,569",-55%
131,Puma Unisex Club II Year of Sports Sneaker,Cocoblu Retail,47 ratings, 4.3 ,"3,244",-41%
132,Puma Unisex MAPF1 Caven 2.0 Sneaker,Cocoblu Retail,8 ratings, 3.4 ,"3,150",-55%
133,Puma Unisex ST Runner v4 NL Sneaker,Cocoblu Retail,42 ratings, 4.0 ,"2,474",-55%
134,Puma Unisex-Adult Turino Ii Sneaker,Cocoblu Retail,26 ratings, 3.7 ,"2,150",-57%
135,Puma Unisex Ferrari Caven 2.0 Sneaker,Cocoblu Retail,34 ratings, 4.2 ,"3,080",-56%
136,Puma Unisex BMW MMS Tune Cat Sneaker,Cocoblu Retail,20 ratings, 3.6 ,"3,360",-58%
137,Puma Unisex MAPF1 A3rokart Mid Sneaker,Cocoblu Retail,10 ratings, 3.8 ,"4,999",-50%
138,Puma Unisex-Adult Serve Pro Lite White-Malachite-Gold Sneaker - 9 UK (37490229),Cocoblu Retail,NaN,,"1,980",-56%
139,Puma Men's Draco Running Shoe,Cocoblu Retail,"3,077 ratings", 4.0 ,"2,830",-29%
140,Puma Men's Alfarun Sneaker,Puma Sports India,212 ratings, 3.7 ,"2,149",-57%
141,Puma Men's Drivate Sneaker,Cocoblu Retail,30 ratings, 3.5 ,"1,924",-45%
142,Puma Mens Rbd Game Court- Z Low Sneaker,Cocoblu Retail,NaN,,"3,949",-47%
143,Puma Unisex Caven 2.0 Seeing Double Sneaker,Cocoblu Retail,11 ratings, 4.4 ,"2,640",-56%
144,Puma Unisex MAPF1 CA Pro Crush Sneaker,Cocoblu Retail,17 ratings, 4.0 ,"4,500",-50%
145,The Aurous Blaze Laceup Sneakers | Stylish | Lightweight | Comfortable | Handcrafted | Memory Foam Soles for Extra Cushioning,Luxomish,48 ratings, 4.4 ,"1,399",-65%
146,"Bacca Bucci® Men's Energy Afterburn Disruptor for Multiple Sports,Fashion, Party & Fun Shoes/Sneakers",Bacca bucci Shoes,"6,210 ratings", 3.7 ,"1,199",-52%
147,Cruiser Mens Spade Sneakers | Casual Shoes | Experience Comfort & Style with Soft Cushioned Insole | Trendy Lace-Up Design Perfect for Daily Adventures,Cocoblu Retail,285 ratings, 3.7 ,"1,039",-58%
148,LUDIC Nova Vegan Leather and Suede Sneakers for Men | Classic Beige Sneakers with All Day Comfort,GOOD CHAOS LIFESTYLE PRIVATE LIMITED,7 ratings, 4.8 ,"1,399",-60%
149,Puma Unisex-Adult Shoes,BRAND 27,91 ratings, 3.9 ,"2,199",-33%
150,Puma Unisex-Adult Caven 2.0 Lux Sneaker,Sooperbuy Pvt Ltd,11 ratings, 4.4 ,"3,899",-40%
151,Puma Unisex-Adult Hypnotic Res Sneaker,Cocoblu Retail,2 ratings, 3.0 ,"3,499",-50%
152,Puma Unisex Court Ultra Lite Sneaker,Sooperbuy Pvt Ltd,202 ratings, 4.2 ,"3,599",-40%
153,Puma Men's Court Shatter Low Sneaker,Puma Sports India,232 ratings, 4.1 ,"2,699",-55%
154,Puma Mens Future Rider Play on Sneaker,Puma Sports India,151 ratings, 4.2 ,"5,399",-40%
155,Puma Unisex Ferrari Drift Cat 8 Sneaker,Cocoblu Retail,"1,175 ratings", 4.0 ,"3,286",-59%
156,Centrino Mens 6574 Casual Sneaker Shoes | Lightweight Sneakers | Trendy Lace-up Design | Soft Cushioned Insole | Stylish & Comfortable,Cocoblu Retail,177 ratings, 4.0 ,819,-67%
157,Puma Unisex-Adult Up Sneaker,Cocoblu Retail,504 ratings, 4.1 ,"2,459",-39%
158,Puma Unisex Club II Sneaker,Cocoblu Retail,108 ratings, 4.6 ,"2,145",-61%
159,Puma Unisex Rebound Future EVO Core Res Sneaker,Puma Sports India,NaN,,"3,369",-55%
160,Puma Men's Trinity Lite Sneaker,Cocoblu Retail,169 ratings, 4.2 ,"2,520",-64%
161,Puma Unisex-Adult Trinity Mid Hybrid Sneaker,Cocoblu Retail,39 ratings, 4.0 ,"4,949",-45%
162,Puma Unisex Shuffle RES Sneaker,NaN,31 ratings,4.4,"2,640.",0
163,Puma Unisex-Adult -180 Sneaker,Cocoblu Retail,10 ratings, 3.3 ,"6,825.",-38%
164,Puma Men's Tour Sneaker,Puma Sports India,27 ratings, 4.4 ,"1,929",-57%
165,Puma Unisex Smash Comfort Sneaker,Cocoblu Retail,17 ratings, 3.5 ,"2,104",-47%
166,Puma Unisex-Adult BMW MMS Kart Cat Nitro Sneaker,Puma Sports India,NaN,,"4,299",-57%
167,Puma Men's BMW MMS Trinity Sneaker,Puma Sports India,25 ratings, 4.4 ,"5,399",-40%
168,Puma Unisex Serve Pro Lite Sneaker,Cocoblu Retail,393 ratings, 4.2 ,"2,250",-50%
169,Puma Unisex-Adult Pacer 23 Street Sneaker,Cocoblu Retail,NaN,,"3,824",-49%
170,Puma Unisex Turin 3 Sneaker,Cocoblu Retail,1 rating, 5.0 ,"1,968",-59%
171,Puma Men's Dynamite Sneaker,Puma Sports India,296 ratings, 3.7 ,"1,999",-60%
172,Puma Men's Alfarun Hyperwave Sneaker,Puma Sports India,13 ratings, 3.5 ,"1,799",-55%
173,Puma Unisex Anzarun FS 2.0 Sneaker,Cocoblu Retail,15 ratings, 3.7 ,"3,009",-45%
174,Puma Unisex X-Ray Tour Sneaker,Cocoblu Retail,12 ratings, 4.3 ,"3,599",-55%
175,Puma Unisex Turino II SD Sneaker,Cocoblu Retail,10 ratings, 3.5 ,"2,859",-48%
176,Puma Men's Foam Stride Running Shoe,Puma Sports India,528 ratings, 3.6 ,"1,929",-57%
177,Puma Men's Jitter Sneaker,Cocoblu Retail,75 ratings, 3.7 ,"2,099",-58%
178,Puma Unisex Smash v2 Buck Sneaker,NaN,"1,112 ratings",3.9,"2,250.",0
179,Puma Unisex Smash Vulc V3 LO Sneaker,Cocoblu Retail,108 ratings, 4.3 ,"3,209",-29%
180,Puma Men's Bold Extreme Sneaker,Sooperbuy Pvt Ltd,792 ratings, 4.0 ,"2,399",-40%
181,Puma Men's Levitex Sneaker,Cocoblu Retail,6 ratings, 3.8 ,"2,025",-55%
182,Puma Unisex Road Rider Lux Sneaker,Cocoblu Retail,2 ratings, 5.0 ,"3,599",-55%
183,Puma Men's Glanza v2 Sneaker,Cocoblu Retail,89 ratings, 3.9 ,"2,004",-55%
184,Puma Men's Jigsaw V1 Sneaker,Cocoblu Retail,10 ratings, 3.6 ,"1,631.",-66%
185,Puma Unisex ST Runner v4 L Sneaker,Cocoblu Retail,73 ratings, 4.4 ,"3,024",-45%
186,Cruiser Mens Aurelius Sneaker | Casual Shoes | Cushioned Insole | Lace-Up Design | Arch Support & Ventilated Comfort | Perfect Pair with Casual Outfit,Cocoblu Retail,166 ratings, 3.5 ,"1,079",-57%
187,The Aurous Windstorm Laceup Sneakers for Men | Stylish | Lightweight | Comfortable | Handcrafted | Memory Foam Soles for Extra Cushioning,Luxomish,29 ratings, 4.2 ,"1,499",-57%
188,egoss Genuine Leather Sneaker Casual Shoes for Men (Black-10)-ES-21,Cocoblu Retail,NaN,,"3,699",0
189,ATHCO Mens Wind Memory Foam Comfort Casual Sneaker Shoes|Laceup|Slip Resistant|Lightweight|Dailyuse|ExtraSoft,Cocoblu Retail,68 ratings, 4.5 ,599,-65%
